{"cameraMode":{"drawMode":0,"name":"Shaded","section":"Shading Mode"},"sceneLighting":true,"audioPlay":false,"sceneViewState":{"showFog":true,"showMaterialUpdate":false,"showSkybox":true,"showFlares":true,"showImageEffects":true,"showParticleSystems":true},"in2DMode":false,"pivot":{"x":-14.818521499633789,"y":-11.087881088256836,"z":-4.74641227722168},"rotation":{"x":-0.1494210660457611,"y":0.8378269076347351,"z":-0.2830590605735779,"w":-0.44226858019828799},"size":11.057019233703614,"orthographic":false}